"","crossID","Order_1","Year","plotNo","Region","plotNo_Numeric","date","GrowDays","Paint2Plant","femaPar","femaParLoc","malePar","maleParLoc","Crosses","CrossLoc","PlantingDens","development","line","position","block","PhotoScore","wetWgtPlot","lengthPlot","wetWgtPerM","AshFreedryWgtPerM"
"490","SL18-UCONN-S1",1,"2019","2019_1","GOM","1","5_30_2019",122,NA,"SA18-CB-10-FG1","CB","SL18-SF-19-MG2","SF","SA18-CB-10-FG1xSL18-SF-19-MG2","CB X SF",3,4,"2",37,"7",3,7.25,0.88,8.238636364,0.221746384
"475","SL18-UCONN-S10",10,"2019","2019_10","GOM","10","5_31_2019",122,NA,"SL18-LD-10-FG1","LD","SL18-OI-4-MG1","OI","SL18-LD-10-FG1xSL18-OI-4-MG1","LD X OI",2,1,"3",53,"9",3,2.58,0.95,2.715789474,0.127492931
"357","SL18-UCONN-S100",99,"2019","2019_100","GOM","100","5_31_2019",122,NA,"SL18-NL-6-FG1","NL","SL18-OI-11-MG2","OI","SL18-NL-6-FG1xSL18-OI-11-MG2","NL X OI",3,4,"4",47,"8",2,1.05,0.94,1.117021277,NA
"497","SL18-UCONN-S101",100,"2019","2019_101","GOM","101","5_30_2019",122,NA,"SL18-NL-6-FG1","NL","SL18-OI-14-MG2","OI","SL18-NL-6-FG1xSL18-OI-14-MG2","NL X OI",3,4,"1",8,"2",3,5.18,0.9,5.755555556,0.251936693
"509","SL18-UCONN-S102",101,"2019","2019_102","GOM","102","5_30_2019",122,NA,"SL18-NL-6-FG1","NL","SL18-OI-15-MG1","OI","SL18-NL-6-FG1xSL18-OI-15-MG1","NL X OI",3,4,"1",54,"9",3,5.24,0.94,5.574468085,0.231032951
"484","SL18-UCONN-S103",102,"2019","2019_103","GOM","103","5_30_2019",122,NA,"SL18-NL-6-FG1","NL","SL18-OI-16-MG1","OI","SL18-NL-6-FG1xSL18-OI-16-MG1","NL X OI",3,4,"1",26,"5",3,3.61,0.86,4.197674419,0.184984259
"503","SL18-UCONN-S104",103,"2019","2019_104","GOM","104","5_30_2019",122,NA,"SL18-NL-6-FG1","NL","SL18-SF-17-MG1","SF","SL18-NL-6-FG1xSL18-SF-17-MG1","NL X SF",3,4,"1",30,"5",3,4.4,0.78,5.641025641,0.211497824
"531","SL18-UCONN-S105",104,"2019","2019_105","GOM","105","5_30_2019",122,NA,"SL18-NL-6-FG1","NL","SL18-SF-19-MG2","SF","SL18-NL-6-FG1xSL18-SF-19-MG2","NL X SF",3,4,"1",3,"1",3,4.75,0.95,5,NA
"512","SL18-UCONN-S11",11,"2019","2019_11","GOM","11","5_30_2019",122,NA,"SL18-LD-10-FG2","LD","SA18-CB-7-MG2","CB","SL18-LD-10-FG2xSA18-CB-7-MG2","LD X CB",1,4,"2",36,"6",3,4.7,0.98,4.795918367,0.184970468
"532","SL18-UCONN-S12",12,"2019","2019_12","GOM","12","5_29_2019",122,NA,"SL18-LD-10-FG2","LD","SL18-NL-3-MG2","NL","SL18-LD-10-FG2xSL18-NL-3-MG2","LD X NL",2,1,"2",1,"1",3,0.96,0.79,1.215189873,NA
"533","SL18-UCONN-S120",119,"2019","2019_120","GOM","120","5_31_2019",122,NA,"SL18-NL-9-FG2","NL","SA18-CB-7-MG1","CB","SL18-NL-9-FG2xSA18-CB-7-MG1","NL X CB",2,4,"4",36,"6",3,5.4,0.96,5.625,NA
"534","SL18-UCONN-S121",120,"2019","2019_121","GOM","121","5_30_2019",122,NA,"SL18-NL-9-FG2","NL","SL18-SF-19-MG1","SF","SL18-NL-9-FG2xSL18-SF-19-MG1","NL X SF",2,4,"3",22,"4",3,3,0.84,3.571428571,NA
"535","SL18-UCONN-S124",123,"2019","2019_124","GOM","124","5_29_2019",122,NA,"SL18-OI-11-FG1","OI","SL18-SF-15-MG2","SF","SL18-OI-11-FG1xSL18-SF-15-MG2","OI X SF",2,4,"2",24,"4",3,4.17,0.96,4.34375,NA
"487","SL18-UCONN-S125",124,"2019","2019_125","GOM","125","5_29_2019",122,NA,"SL18-OI-15-FG1","OI","SA18-CB-2-MG3","CB","SL18-OI-15-FG1xSA18-CB-2-MG3","OI X CB",1,4,"2",11,"2",3,3.76,0.67,5.611940299,0.197312016
"536","SL18-UCONN-S127",126,"2019","2019_127","GOM","127","5_30_2019",122,NA,"SL18-OI-15-FG1","OI","SL18-NL-5-MG1","NL","SL18-OI-15-FG1xSL18-NL-5-MG1","OI X NL",1,4,"1",47,"8",3,1,0.74,1.351351351,NA
"477","SL18-UCONN-S128",127,"2019","2019_128","GOM","128","5_30_2019",122,NA,"SL18-OI-15-FG1","OI","SL18-SF-15-MG1","SF","SL18-OI-15-FG1xSL18-SF-15-MG1","OI X SF",3,4,"1",46,"8",3,4.42,0.92,4.804347826,0.226719619
"498","SL18-UCONN-S136",135,"2019","2019_136","GOM","136","5_30_2019",122,NA,"SL18-OI-16-FG3","OI","SA18-CB-4-MG3","CB","SL18-OI-16-FG3xSA18-CB-4-MG3","OI X CB",2,4,"3",10,"2",3,4.84,0.81,5.975308642,0.220041452
"358","SL18-UCONN-S137",136,"2019","2019_137","GOM","137","5_30_2019",122,NA,"SL18-OI-16-FG3","OI","SA18-CB-5-MG3","CB","SL18-OI-16-FG3xSA18-CB-5-MG3","OI X CB",1,4,"1",50,"9",2,0.55,0.92,0.597826087,NA
"496","SL18-UCONN-S14",14,"2019","2019_14","GOM","14","5_30_2019",122,NA,"SL18-LD-13-FG2","LD","SL18-LD-13-MG2","LD","SL18-LD-13-FG2xSL18-LD-13-MG2","LD X LD",3,4,"1",27,"5",3,3.27,0.93,3.516129032,0.157776276
"537","SL18-UCONN-S140",139,"2019","2019_140","GOM","140","5_30_2019",122,NA,"SL18-OI-16-FG3","OI","SL18-LD-3-MG2","LD","SL18-OI-16-FG3xSL18-LD-3-MG2","OI X LD",1,1,"1",16,"3",3,2.27,0.96,2.364583333,NA
"538","SL18-UCONN-S141",140,"2019","2019_141","GOM","141","5_31_2019",122,NA,"SL18-OI-16-FG3","OI","SL18-NL-6-MG1","NL","SL18-OI-16-FG3xSL18-NL-6-MG1","OI X NL",1,1,"3",47,"8",3,2.29,0.93,2.462365591,NA
"450","SL18-UCONN-S142",141,"2019","2019_142","GOM","142","5_30_2019",122,NA,"SL18-OI-16-FG3","OI","SL18-SF-17-MG2","SF","SL18-OI-16-FG3xSL18-SF-17-MG2","OI X SF",3,4,"1",11,"2",3,3.8,0.76,5,0.199415654
"500","SL18-UCONN-S143",142,"2019","2019_143","GOM","143","5_29_2019",122,NA,"SL18-OI-17-FG1","OI","SL18-SF-13-MG2","SF","SL18-OI-17-FG1xSL18-SF-13-MG2","OI X SF",3,4,"2",15,"3",3,5.39,0.84,6.416666667,0.223800182
"359","SL18-UCONN-S145",143,"2019","2019_145","GOM","145","5_30_2019",122,NA,"SL18-OI-17-FG2","OI","SL18-SF-17-MG2","SF","SL18-OI-17-FG2xSL18-SF-17-MG2","OI X SF",1,1,"1",12,"2",2,0.5,0.77,0.649350649,NA
"495","SL18-UCONN-S146",144,"2019","2019_146","GOM","146","5_30_2019",122,NA,"SL18-OI-18-FG1","OI","SL18-OI-9-MG3","OI","SL18-OI-18-FG1xSL18-OI-9-MG3","OI X OI",3,4,"1",4,"1",3,3.93,0.94,4.180851064,0.168294739
"456","SL18-UCONN-S147",145,"2019","2019_147","GOM","147","5_30_2019",122,NA,"SL18-OI-18-FG2","OI","SA18-CB-7-MG1","CB","SL18-OI-18-FG2xSA18-CB-7-MG1","OI X CB",2,1,"2",32,"6",3,3.34,0.97,3.443298969,0.19000711
"539","SL18-UCONN-S148",146,"2019","2019_148","GOM","148","5_31_2019",122,NA,"SL18-OI-18-FG2","OI","SL18-LD-10-MG1","LD","SL18-OI-18-FG2xSL18-LD-10-MG1","OI X LD",2,1,"4",52,"9",3,3.67,0.92,3.989130435,NA
"540","SL18-UCONN-S149",147,"2019","2019_149","GOM","149","5_30_2019",122,NA,"SL18-OI-18-FG2","OI","SL18-LD-9-MG1","LD","SL18-OI-18-FG2xSL18-LD-9-MG1","OI X LD",1,1,"3",2,"1",3,2.53,0.91,2.78021978,NA
"541","SL18-UCONN-S150",148,"2019","2019_150","GOM","150","5_31_2019",122,NA,"SL18-OI-18-FG2","OI","SL18-NL-2-MG2","NL","SL18-OI-18-FG2xSL18-NL-2-MG2","OI X NL",2,1,"4",18,"3",3,2.34,0.88,2.659090909,NA
"360","SL18-UCONN-S151",149,"2019","2019_151","GOM","151","5_29_2019",122,NA,"SL18-OI-18-FG2","OI","SL18-LD-2-MG3","SF","SL18-OI-18-FG2xSL18-LD-2-MG3","OI X SF",1,1,"2",48,"8",2,0.83,0.82,1.012195122,NA
"361","SL18-UCONN-S152",150,"2019","2019_152","GOM","152","5_30_2019",122,NA,"SL18-OI-18-FG3","OI","SL18-LL-9-MG1","LL","SL18-OI-18-FG3xSL18-LL-9-MG1","OI X LL",1,1,"1",43,"8",2,0.82,1,0.82,NA
"542","SL18-UCONN-S153",151,"2019","2019_153","GOM","153","5_31_2019",122,NA,"SL18-OI-18-FG3","OI","SL18-OI-7-MG1","OI","SL18-OI-18-FG3xSL18-OI-7-MG1","OI X OI",2,4,"4",1,"1",3,2.74,0.86,3.186046512,NA
"362","SL18-UCONN-S154",152,"2019","2019_154","GOM","154","5_30_2019",122,NA,"SL18-OI-18-FG5","OI","SA18-CB-4-MG3","CB","SL18-OI-18-FG5xSA18-CB-4-MG3","OI X CB",1,1,"3",20,"4",2,1.31,0.77,1.701298701,NA
"479","SL18-UCONN-S155",153,"2019","2019_155","GOM","155","5_31_2019",122,NA,"SL18-OI-18-FG5","OI","SL18-LD-2-MG1","LD","SL18-OI-18-FG5xSL18-LD-2-MG1","OI X LD",2,1,"3",34,"6",3,3.02,0.98,3.081632653,0.154359083
"493","SL18-UCONN-S157",155,"2019","2019_157","GOM","157","5_31_2019",122,NA,"SL18-OI-18-FG5","OI","SL18-SF-15-MG2","SF","SL18-OI-18-FG5xSL18-SF-15-MG2","OI X SF",2,4,"3",54,"9",3,4.94,0.92,5.369565217,0.268564654
"543","SL18-UCONN-S158",156,"2019","2019_158","GOM","158","5_30_2019",122,NA,"SL18-OI-18-FG6","OI","SA18-CB-1-MG2","CB","SL18-OI-18-FG6xSA18-CB-1-MG2","OI X CB",2,1,"1",36,"6",3,3.65,0.87,4.195402299,NA
"427","SL18-UCONN-S159",157,"2019","2019_159","GOM","159","5_31_2019",122,NA,"SL18-OI-18-FG6","OI","SL18-NL-6-MG1","NL","SL18-OI-18-FG6xSL18-NL-6-MG1","OI X NL",2,1,"3",48,"8",3,1.43,0.86,1.662790698,0.088524685
"363","SL18-UCONN-S162",160,"2019","2019_162","GOM","162","5_30_2019",122,NA,"SL18-OI-2-FG2","OI","SL18-LD-1-MG2","LD","SL18-OI-2-FG2xSL18-LD-1-MG2","OI X LD",2,1,"2",30,"5",2,1.02,0.9,1.133333333,NA
"471","SL18-UCONN-S17",17,"2019","2019_17","GOM","17","5_30_2019",122,NA,"SL18-LD-1-FG1","LD","SL18-NL-2-MG2","NL","SL18-LD-1-FG1xSL18-NL-2-MG2","LD X NL",2,1,"3",4,"1",3,1.95,0.87,2.24137931,0.095619256
"364","SL18-UCONN-S170",168,"2019","2019_170","GOM","170","5_29_2019",122,NA,"SL18-OI-2-FG3","OI","SL18-NL-9-MG1","NL","SL18-OI-2-FG3xSL18-NL-9-MG1","OI X NL",2,1,"2",43,"8",2,0.67,0.78,0.858974359,NA
"544","SL18-UCONN-S172",170,"2019","2019_172","GOM","172","5_31_2019",122,NA,"SL18-OI-2-FG3","OI","SL18-SF-17-MG1","SF","SL18-OI-2-FG3xSL18-SF-17-MG1","OI X SF",2,1,"4",11,"2",3,1.74,0.92,1.891304348,NA
"365","SL18-UCONN-S174",172,"2019","2019_174","GOM","174","5_30_2019",122,NA,"SL18-OI-6-FG1","OI","SA18-CB-2-MG1","CB","SL18-OI-6-FG1xSA18-CB-2-MG1","OI X CB",2,1,"1",23,"4",2,0.57,1,0.57,NA
"545","SL18-UCONN-S175",173,"2019","2019_175","GOM","175","5_30_2019",122,NA,"SL18-OI-6-FG1","OI","SA18-CB-4-MG1","CB","SL18-OI-6-FG1xSA18-CB-4-MG1","OI X CB",2,4,"1",20,"4",3,2.75,0.91,3.021978022,NA
"337","SL18-UCONN-S176",174,"2019","2019_176","GOM","176","5_29_2019",122,NA,"SL18-OI-6-FG1","OI","SL18-LD-13-MG2","LD","SL18-OI-6-FG1xSL18-LD-13-MG2","OI X LD",1,1,"2",17,"3",2,1.58,0.65,2.430769231,0.096904152
"546","SL18-UCONN-S177",175,"2019","2019_177","GOM","177","5_31_2019",122,NA,"SL18-OI-6-FG1","OI","SL18-LD-2-MG1","LD","SL18-OI-6-FG1xSL18-LD-2-MG1","OI X LD",2,1,"4",4,"1",3,2.36,0.88,2.681818182,NA
"547","SL18-UCONN-S178",176,"2019","2019_178","GOM","178","5_31_2019",122,NA,"SL18-OI-6-FG1","OI","SL18-LD-5-MG1","LD","SL18-OI-6-FG1xSL18-LD-5-MG1","OI X LD",2,1,"3",52,"9",3,3.76,0.97,3.87628866,NA
"548","SL18-UCONN-S18",18,"2019","2019_18","GOM","18","5_30_2019",122,NA,"SL18-LD-1-FG1","LD","SL18-OI-18-MG1","OI","SL18-LD-1-FG1xSL18-OI-18-MG1","LD X OI",1,1,"3",5,"1",3,1.9,0.86,2.209302326,NA
"366","SL18-UCONN-S180",178,"2019","2019_180","GOM","180","5_31_2019",122,NA,"SL18-OI-6-FG1","OI","SL18-NL-9-MG1","NL","SL18-OI-6-FG1xSL18-NL-9-MG1","OI X NL",1,1,"4",7,"2",2,1.73,0.76,2.276315789,NA
"549","SL18-UCONN-S181",179,"2019","2019_181","GOM","181","5_31_2019",122,NA,"SL18-OI-6-FG1","OI","SL18-SF-15-MG1","SF","SL18-OI-6-FG1xSL18-SF-15-MG1","OI X SF",2,1,"4",14,"3",3,2.67,0.82,3.256097561,NA
"550","SL18-UCONN-S182",180,"2019","2019_182","GOM","182","5_31_2019",122,NA,"SL18-OI-6-FG1","OI","SL18-SF-19-MG1","SF","SL18-OI-6-FG1xSL18-SF-19-MG1","OI X SF",2,1,"4",12,"2",3,1.47,0.84,1.75,NA
"551","SL18-UCONN-S183",181,"2019","2019_183","GOM","183","5_30_2019",122,NA,"SL18-OI-7-FG3","OI","SA18-CB-2-MG3","CB","SL18-OI-7-FG3xSA18-CB-2-MG3","OI X CB",2,1,"3",30,"5",3,1.67,0.75,2.226666667,NA
"473","SL18-UCONN-S186",184,"2019","2019_186","GOM","186","5_29_2019",122,NA,"SL18-OI-9-FG1","OI","SL18-LL-9-MG2","LL","SL18-OI-9-FG1xSL18-LL-9-MG2","OI X LL",2,1,"2",50,"9",3,2,0.85,2.352941176,0.094980323
"552","SL18-UCONN-S189",187,"2019","2019_189","GOM","189","5_30_2019",122,NA,"SL18-SF-13-FG1","SF","SL18-LL-9-MG3","LL","SL18-SF-13-FG1xSL18-LL-9-MG3","SF X LL",2,4,"3",19,"4",3,2.04,0.93,2.193548387,NA
"499","SL18-UCONN-S19",19,"2019","2019_19","GOM","19","5_30_2019",122,NA,"SL18-LD-1-FG2","LD","SA18-CB-4-MG3","CB","SL18-LD-1-FG2xSA18-CB-4-MG3","LD X CB",2,1,"3",16,"3",3,5.14,0.77,6.675324675,0.239662194
"367","SL18-UCONN-S190",188,"2019","2019_190","GOM","190","5_30_2019",122,NA,"SL18-SF-17-FG1","SF","SL18-LL-9-MG1","LL","SL18-SF-17-FG1xSL18-LL-9-MG1","SF X LL",2,1,"1",53,"9",2,1.01,0.91,1.10989011,NA
"476","SL18-UCONN-S192",190,"2019","2019_192","GOM","192","5_30_2019",122,NA,"SL18-SF-17-FG3","SF","SA18-CB-10-MG1","CB","SL18-SF-17-FG3xSA18-CB-10-MG1","SF X CB",2,4,"1",6,"1",3,4.25,0.9,4.722222222,0.177372138
"553","SL18-UCONN-S193",191,"2019","2019_193","GOM","193","5_30_2019",122,NA,"SL18-SF-17-FG3","SF","SA18-CB-3-MG3","CB","SL18-SF-17-FG3xSA18-CB-3-MG3","SF X CB",2,4,"1",24,"4",3,1.97,0.83,2.373493976,NA
"352","SL18-UCONN-S194",192,"2019","2019_194","GOM","194","5_31_2019",122,NA,"SL18-SF-17-FG3","SF","SL18-LD-2-MG1","LD","SL18-SF-17-FG3xSL18-LD-2-MG1","SF X LD",2,1,"4",35,"6",2,1.59,0.92,1.72826087,0.083590022
"368","SL18-UCONN-S195",193,"2019","2019_195","GOM","195","5_30_2019",122,NA,"SL18-SF-17-FG3","SF","SL18-NL-10-MG2","NL","SL18-SF-17-FG3xSL18-NL-10-MG2","SF X NL",3,1,"1",44,"8",2,0.55,0.95,0.578947368,NA
"554","SL18-UCONN-S196",194,"2019","2019_196","GOM","196","5_31_2019",122,NA,"SL18-SF-17-FG3","SF","SL18-NL-2-MG3","NL","SL18-SF-17-FG3xSL18-NL-2-MG3","SF X NL",3,4,"4",22,"4",3,2.64,0.81,3.259259259,NA
"492","SL18-UCONN-S197",195,"2019","2019_197","GOM","197","5_31_2019",122,NA,"SL18-SF-17-FG3","SF","SL18-NL-9-MG1","NL","SL18-SF-17-FG3xSL18-NL-9-MG1","SF X NL",3,1,"4",51,"9",3,2.75,0.89,3.08988764,0.126481272
"488","SL18-UCONN-S198",196,"2019","2019_198","GOM","198","5_29_2019",122,NA,"SL18-SF-17-FG3","SF","SL18-OI-7-MG1","OI","SL18-SF-17-FG3xSL18-OI-7-MG1","SF X OI",3,1,"2",52,"9",3,2.8,0.81,3.456790123,0.122450096
"501","SL18-UCONN-S199",197,"2019","2019_199","GOM","199","5_29_2019",122,NA,"SL18-SF-17-FG3","SF","SL18-OI-9-MG3","OI","SL18-SF-17-FG3xSL18-OI-9-MG3","SF X OI",3,1,"2",53,"9",3,2.88,0.8,3.6,0.134874516
"555","SL18-UCONN-S2",2,"2019","2019_2","GOM","2","5_31_2019",122,NA,"SA18-CB-10-FG2","CB","SL18-LL-9-MG1","LL","SA18-CB-10-FG2xSL18-LL-9-MG1","CB X LL",1,1,"4",34,"6",3,2.16,0.86,2.511627907,NA
"556","SL18-UCONN-S20",20,"2019","2019_20","GOM","20","5_31_2019",122,NA,"SL18-LD-1-FG2","LD","SL18-SF-13-MG3","SF","SL18-LD-1-FG2xSL18-SF-13-MG3","LD X SF",2,1,"3",32,"6",3,2.42,0.84,2.880952381,NA
"557","SL18-UCONN-S21",21,"2019","2019_21","GOM","21","5_30_2019",122,NA,"SL18-LD-1-FG2","LD","SL18-SF-15-MG1","SF","SL18-LD-1-FG2xSL18-SF-15-MG1","LD X SF",2,1,"2",34,"6",3,3.66,0.94,3.893617021,NA
"369","SL18-UCONN-S23",23,"2019","2019_23","GOM","23","5_31_2019",122,NA,"SL18-LD-1-FG3","LD","SL18-NL-5-MG1","NL","SL18-LD-1-FG3xSL18-NL-5-MG1","LD X NL",2,1,"4",42,"7",2,0.97,0.92,1.054347826,NA
"485","SL18-UCONN-S24",24,"2019","2019_24","GOM","24","5_29_2019",122,NA,"SL18-LD-1-FG3","LD","SL18-OI-11-MG2","OI","SL18-LD-1-FG3xSL18-OI-11-MG2","LD X OI",2,1,"2",16,"3",3,2.65,0.84,3.154761905,0.162782568
"558","SL18-UCONN-S25",25,"2019","2019_25","GOM","25","5_30_2019",122,NA,"SL18-LD-1-FG3","LD","SL18-OI-15-MG1","OI","SL18-LD-1-FG3xSL18-OI-15-MG1","LD X OI",2,1,"1",31,"6",3,1.78,0.85,2.094117647,NA
"559","SL18-UCONN-S26",26,"2019","2019_26","GOM","26","5_31_2019",122,NA,"SL18-LD-1-FG3","LD","SL18-OI-16-MG1","OI","SL18-LD-1-FG3xSL18-OI-16-MG1","LD X OI",2,1,"4",53,"9",3,1.3,1,1.3,NA
"560","SL18-UCONN-S27",27,"2019","2019_27","GOM","27","5_30_2019",122,NA,"SL18-LD-1-FG3","LD","SL18-OI-6-MG2","OI","SL18-LD-1-FG3xSL18-OI-6-MG2","LD X OI",2,1,"1",32,"6",3,1.57,0.78,2.012820513,NA
"561","SL18-UCONN-S28",28,"2019","2019_28","GOM","28","5_29_2019",122,NA,"SL18-LD-1-FG3","LD","SL18-OI-7-MG1","OI","SL18-LD-1-FG3xSL18-OI-7-MG1","LD X OI",2,1,"2",39,"7",3,2.21,0.94,2.35106383,NA
"562","SL18-UCONN-S29",29,"2019","2019_29","GOM","29","5_30_2019",122,NA,"SL18-LD-1-FG3","LD","SL18-OI-9-MG3","OI","SL18-LD-1-FG3xSL18-OI-9-MG3","LD X OI",2,1,"1",42,"7",3,2.2,0.89,2.471910112,NA
"513","SL18-UCONN-S3",3,"2019","2019_3","GOM","3","5_30_2019",122,NA,"SA18-CB-4-FG3","CB","SA18-CB-4-MG3","CB","SA18-CB-4-FG3xSA18-CB-4-MG3","CB X CB",3,4,"1",51,"9",3,2.68,0.96,2.791666667,0.10636842
"370","SL18-UCONN-S30",30,"2019","2019_30","GOM","30","5_31_2019",122,NA,"SL18-LD-1-FG3","LD","SL18-NL-9-MG2","SF","SL18-LD-1-FG3xSL18-NL-9-MG2","LD X SF",1,1,"4",43,"8",2,1.03,0.87,1.183908046,NA
"563","SL18-UCONN-S31",31,"2019","2019_31","GOM","31","5_30_2019",122,NA,"SL18-LD-1-FG3","LD","SL18-OI-15-MG2","SF","SL18-LD-1-FG3xSL18-OI-15-MG2","LD X SF",2,1,"1",2,"1",3,2.47,0.91,2.714285714,NA
"564","SL18-UCONN-S32",32,"2019","2019_32","GOM","32","5_29_2019",122,NA,"SL18-LD-2-FG2","LD","SA18-CB-3-MG3","CB","SL18-LD-2-FG2xSA18-CB-3-MG3","LD X CB",2,1,"2",42,"7",3,3.01,0.89,3.382022472,NA
"491","SL18-UCONN-S33",33,"2019","2019_33","GOM","33","5_29_2019",122,NA,"SL18-LD-2-FG2","LD","SL18-LL-9-MG2","LL","SL18-LD-2-FG2xSL18-LL-9-MG2","LD X LL",2,1,"2",6,"1",3,2.5,0.9,2.777777778,0.126546775
"371","SL18-UCONN-S34",34,"2019","2019_34","GOM","34","5_31_2019",122,NA,"SL18-LD-2-FG2","LD","SL18-NL-9-MG1","NL","SL18-LD-2-FG2xSL18-NL-9-MG1","LD X NL",2,1,"3",36,"6",2,0.43,0.71,0.605633803,NA
"505","SL18-UCONN-S35",35,"2019","2019_35","GOM","35","5_30_2019",122,NA,"SL18-LD-2-FG2","LD","SL18-SF-19-MG1","SF","SL18-LD-2-FG2xSL18-SF-19-MG1","LD X SF",2,1,"1",14,"3",3,1.45,0.91,1.593406593,0.16623095
"565","SL18-UCONN-S37",37,"2019","2019_37","GOM","37","5_31_2019",122,NA,"SL18-LD-3-FG1","LD","SL18-NL-9-MG1","NL","SL18-LD-3-FG1xSL18-NL-9-MG1","LD X NL",1,1,"4",23,"4",3,1.12,0.61,1.836065574,NA
"372","SL18-UCONN-S38",38,"2019","2019_38","GOM","38","5_31_2019",122,NA,"SL18-LD-3-FG1","LD","SL18-SF-19-MG2","SF","SL18-LD-3-FG1xSL18-SF-19-MG2","LD X SF",2,1,"4",50,"9",2,1.47,0.91,1.615384615,NA
"566","SL18-UCONN-S39",39,"2019","2019_39","GOM","39","5_30_2019",122,NA,"SL18-LD-3-FG2","LD","SA18-CB-2-MG3","CB","SL18-LD-3-FG2xSA18-CB-2-MG3","LD X CB",2,1,"1",21,"4",3,2.11,0.87,2.425287356,NA
"567","SL18-UCONN-S40",40,"2019","2019_40","GOM","40","5_30_2019",122,NA,"SL18-LD-3-FG2","LD","SL18-LL-9-MG2","LL","SL18-LD-3-FG2xSL18-LL-9-MG2","LD X LL",2,1,"3",26,"5",3,3.07,0.77,3.987012987,NA
"373","SL18-UCONN-S41",41,"2019","2019_41","GOM","41","5_29_2019",122,NA,"SL18-LD-3-FG2","LD","SL18-SF-17-MG3","SF","SL18-LD-3-FG2xSL18-SF-17-MG3","LD X SF",2,1,"2",20,"4",2,0.95,0.85,1.117647059,NA
"568","SL18-UCONN-S43",43,"2019","2019_43","GOM","43","5_29_2019",122,NA,"SL18-LD-4-FG1","LD","SA18-CB-2-MG1","CB","SL18-LD-4-FG1xSA18-CB-2-MG1","LD X CB",2,1,"2",54,"9",3,2.22,0.8,2.775,NA
"569","SL18-UCONN-S44",44,"2019","2019_44","GOM","44","5_31_2019",122,NA,"SL18-LD-4-FG1","LD","SL18-NL-3-MG2","NL","SL18-LD-4-FG1xSL18-NL-3-MG2","LD X NL",2,1,"3",43,"8",3,1.56,0.86,1.813953488,NA
"374","SL18-UCONN-S45",45,"2019","2019_45","GOM","45","5_30_2019",122,NA,"SL18-LD-4-FG2","LD","SL18-LL-9-MG1","LL","SL18-LD-4-FG2xSL18-LL-9-MG1","LD X LL",2,1,"1",9,"2",2,0.56,0.917,0.610687023,NA
"570","SL18-UCONN-S46",46,"2019","2019_46","GOM","46","5_29_2019",122,NA,"SL18-LD-4-FG2","LD","SL18-SF-15-MG2","SF","SL18-LD-4-FG2xSL18-SF-15-MG2","LD X SF",2,1,"2",9,"2",3,3.03,0.73,4.150684932,NA
"375","SL18-UCONN-S47",47,"2019","2019_47","GOM","47","5_30_2019",122,NA,"SL18-LD-4-FG3","LD","SL18-SF-17-MG1","SF","SL18-LD-4-FG3xSL18-SF-17-MG1","LD X SF",2,1,"2",27,"5",2,1.58,0.86,1.837209302,NA
"353","SL18-UCONN-S48",48,"2019","2019_48","GOM","48","5_30_2019",122,NA,"SL18-LD-5-FG1","LD","SA18-CB-10-MG1","CB","SL18-LD-5-FG1xSA18-CB-10-MG1","LD X CB",1,4,"1",19,"4",2,1.22,0.94,1.29787234,0.071765642
"511","SL18-UCONN-S5",5,"2019","2019_5","GOM","5","5_30_2019",122,NA,"SA18-CB-7-FG1","CB","SL18-LL-9-MG3","LL","SA18-CB-7-FG1xSL18-LL-9-MG3","CB X LL",3,4,"2",38,"7",3,4.66,0.86,5.418604651,0.185844913
"376","SL18-UCONN-S51",51,"2019","2019_51","GOM","51","5_29_2019",122,NA,"SL18-LD-9-FG2","LD","SL18-SF-13-MG3","SF","SL18-LD-9-FG2xSL18-SF-13-MG3","LD X SF",2,1,"2",26,"5",2,1.15,0.86,1.337209302,NA
"571","SL18-UCONN-S53",53,"2019","2019_53","GOM","53","5_30_2019",122,NA,"SL18-LD-9-FG3","LD","SL18-NL-7-MG1","NL","SL18-LD-9-FG3xSL18-NL-7-MG1","LD X NL",2,1,"3",31,"6",3,1.18,0.71,1.661971831,NA
"465","SL18-UCONN-S54",54,"2019","2019_54","GOM","54","5_31_2019",122,NA,"SL18-LD-9-FG3","LD","SL18-SF-17-MG1","SF","SL18-LD-9-FG3xSL18-SF-17-MG1","LD X SF",1,4,"4",41,"7",3,3.21,0.9,3.566666667,0.164515979
"572","SL18-UCONN-S56",56,"2019","2019_56","GOM","56","5_30_2019",122,NA,"SL18-LL-9-FG3","LL","SL18-NL-9-MG1","NL","SL18-LL-9-FG3xSL18-NL-9-MG1","LL X NL",2,1,"1",13,"3",3,0.4,0.73,0.547945205,NA
"573","SL18-UCONN-S57",57,"2019","2019_57","GOM","57","5_30_2019",122,NA,"SL18-NL-10-FG1","NL","SA18-CB-4-MG3","CB","SL18-NL-10-FG1xSA18-CB-4-MG3","NL X CB",3,4,"3",13,"3",3,5.76,0.68,8.470588235,NA
"377","SL18-UCONN-S58",58,"2019","2019_58","GOM","58","5_29_2019",122,NA,"SL18-NL-10-FG1","NL","SL18-LD-2-MG1","LD","SL18-NL-10-FG1xSL18-LD-2-MG1","NL X LD",2,1,"2",46,"8",2,0.54,0.94,0.574468085,NA
"574","SL18-UCONN-S6",6,"2019","2019_6","GOM","6","5_31_2019",122,NA,"SL18-LD-10-FG1","LD","SA18-CB-1-MG2","CB","SL18-LD-10-FG1xSA18-CB-1-MG2","LD X CB",2,1,"3",46,"8",3,2.69,0.93,2.892473118,NA
"489","SL18-UCONN-S60",60,"2019","2019_60","GOM","60","5_30_2019",122,NA,"SL18-NL-10-FG1","NL","SL18-OI-15-MG1","OI","SL18-NL-10-FG1xSL18-OI-15-MG1","NL X OI",3,4,"1",18,"3",3,4.42,0.93,4.752688172,0.200791533
"504","SL18-UCONN-S62",61,"2019","2019_62","GOM","62","5_29_2019",122,NA,"SL18-NL-10-FG1","NL","SL18-OI-7-MG1","OI","SL18-NL-10-FG1xSL18-OI-7-MG1","NL X OI",2,4,"2",23,"4",3,4.24,0.89,4.764044944,0.172499411
"508","SL18-UCONN-S63",62,"2019","2019_63","GOM","63","5_31_2019",122,NA,"SL18-NL-10-FG1","NL","SL18-SF-13-MG1","SF","SL18-NL-10-FG1xSL18-SF-13-MG1","NL X SF",2,4,"4",29,"5",3,4.04,0.94,4.29787234,0.165168977
"378","SL18-UCONN-S72",71,"2019","2019_72","GOM","72","5_30_2019",122,NA,"SL18-NL-10-FG3","NL","SL18-NL-3-MG2","NL","SL18-NL-10-FG3xSL18-NL-3-MG2","NL X NL",2,4,"1",40,"7",2,0.43,0.91,0.472527473,NA
"507","SL18-UCONN-S73",72,"2019","2019_73","GOM","73","5_29_2019",122,NA,"SL18-NL-2-FG1","NL","SA18-CB-1-MG2","CB","SL18-NL-2-FG1xSA18-CB-1-MG2","NL X CB",2,1,"2",49,"9",3,4.54,0.93,4.88172043,0.190372791
"575","SL18-UCONN-S75",74,"2019","2019_75","GOM","75","5_31_2019",122,NA,"SL18-NL-2-FG1","NL","SL18-LD-13-MG2","LD","SL18-NL-2-FG1xSL18-LD-13-MG2","NL X LD",2,4,"3",38,"7",3,3.27,0.86,3.802325581,NA
"478","SL18-UCONN-S76",75,"2019","2019_76","GOM","76","5_30_2019",122,NA,"SL18-NL-2-FG1","NL","SL18-SF-17-MG1","SF","SL18-NL-2-FG1xSL18-SF-17-MG1","NL X SF",1,4,"3",12,"2",3,3.54,0.88,4.022727273,0.231951909
"576","SL18-UCONN-S77",76,"2019","2019_77","GOM","77","5_31_2019",122,NA,"SL18-NL-2-FG3","NL","SA18-CB-2-MG3","CB","SL18-NL-2-FG3xSA18-CB-2-MG3","NL X CB",1,1,"4",6,"1",3,1.78,0.89,2,NA
"577","SL18-UCONN-S78",77,"2019","2019_78","GOM","78","5_29_2019",122,NA,"SL18-NL-2-FG3","NL","SA18-CB-4-MG1","CB","SL18-NL-2-FG3xSA18-CB-4-MG1","NL X CB",1,1,"2",13,"3",3,1.28,0.82,1.56097561,NA
"578","SL18-UCONN-S79",78,"2019","2019_79","GOM","79","5_31_2019",122,NA,"SL18-NL-2-FG3","NL","SL18-LD-3-MG2","LD","SL18-NL-2-FG3xSL18-LD-3-MG2","NL X LD",2,1,"4",24,"4",3,1.31,0.73,1.794520548,NA
"579","SL18-UCONN-S80",79,"2019","2019_80","GOM","80","5_31_2019",122,NA,"SL18-NL-2-FG3","NL","SL18-OI-16-MG1","OI","SL18-NL-2-FG3xSL18-OI-16-MG1","NL X OI",2,4,"4",16,"3",3,3.58,0.84,4.261904762,NA
"494","SL18-UCONN-S82",81,"2019","2019_82","GOM","82","5_30_2019",122,NA,"SL18-NL-3-FG1","NL","SA18-CB-7-MG2","CB","SL18-NL-3-FG1xSA18-CB-7-MG2","NL X CB",2,4,"3",15,"3",3,4.7,0.95,4.947368421,0.22629088
"580","SL18-UCONN-S84",83,"2019","2019_84","GOM","84","5_31_2019",122,NA,"SL18-NL-3-FG1","NL","SL18-OI-11-MG2","OI","SL18-NL-3-FG1xSL18-OI-11-MG2","NL X OI",3,1,"4",10,"2",3,2.66,1.2,2.216666667,NA
"581","SL18-UCONN-S85",84,"2019","2019_85","GOM","85","5_31_2019",122,NA,"SL18-NL-3-FG1","NL","SL18-SF-13-MG2","SF","SL18-NL-3-FG1xSL18-SF-13-MG2","NL X SF",3,1,"4",27,"5",3,1.68,0.92,1.826086957,NA
"515","SL18-UCONN-S87",86,"2019","2019_87","GOM","87","5_31_2019",122,NA,"SL18-NL-3-FG2","NL","SL18-SF-17-MG2","SF","SL18-NL-3-FG2xSL18-SF-17-MG2","NL X SF",2,4,"4",48,"8",3,6.16,0.87,7.08045977,0.211413065
"582","SL18-UCONN-S88",87,"2019","2019_88","GOM","88","5_31_2019",122,NA,"SL18-NL-3-FG3","NL","SA18-CB-2-MG2","CB","SL18-NL-3-FG3xSA18-CB-2-MG2","NL X CB",1,1,"4",44,"8",3,1.74,1.03,1.689320388,NA
"583","SL18-UCONN-S9",9,"2019","2019_9","GOM","9","5_29_2019",122,NA,"SL18-LD-10-FG1","LD","SL18-OI-18-MG1","OI","SL18-LD-10-FG1xSL18-OI-18-MG1","LD X OI",1,1,"2",3,"1",3,1.33,0.8,1.6625,NA
"516","SL18-UCONN-S94",93,"2019","2019_94","GOM","94","5_29_2019",122,NA,"SL18-NL-6-FG1","NL","SA18-CB-3-MG3","CB","SL18-NL-6-FG1xSA18-CB-3-MG3","NL X CB",3,4,"2",10,"2",3,7.62,1.08,7.055555556,0.215195078
"506","SL18-UCONN-S95",94,"2019","2019_95","GOM","95","5_30_2019",122,NA,"SL18-NL-6-FG1","NL","SA18-CB-7-MG2","CB","SL18-NL-6-FG1xSA18-CB-7-MG2","NL X CB",2,4,"2",35,"6",3,5.3,0.89,5.95505618,0.230471675
"584","SL18-UCONN-S96",95,"2019","2019_96","GOM","96","5_30_2019",122,NA,"SL18-NL-6-FG1","NL","SL18-LD-1-MG2","LD","SL18-NL-6-FG1xSL18-LD-1-MG2","NL X LD",2,1,"1",7,"2",3,2.05,0.91,2.252747253,NA
"585","SL18-UCONN-S97",96,"2019","2019_97","GOM","97","5_30_2019",122,NA,"SL18-NL-6-FG1","NL","SL18-LD-2-MG1","LD","SL18-NL-6-FG1xSL18-LD-2-MG1","NL X LD",2,4,"2",28,"5",3,3.58,0.92,3.891304348,NA
"514","SL18-UCONN-S98",97,"2019","2019_98","GOM","98","5_30_2019",122,NA,"SL18-NL-6-FG1","NL","SL18-LD-3-MG2","LD","SL18-NL-6-FG1xSL18-LD-3-MG2","NL X LD",3,4,"3",27,"5",3,4.51,0.88,5.125,0.168831058
"586","SL18-UCONN-S99",98,"2019","2019_99","GOM","99","5_30_2019",122,NA,"SL18-NL-6-FG1","NL","SL18-NL-2-MG1","NL","SL18-NL-6-FG1xSL18-NL-2-MG1","NL X NL",2,4,"1",34,"6",3,2.69,0.94,2.861702128,NA
"464","SL19-UCONN-S10",201,"2020","2020_10","GOM","10","6_9_2020",185,NA,"SL18-OI-11-FG3","OI","SL18-CC-1-MG3","CC","SL18-OI-11-FG3xSL18-CC-1-MG3","OI X CC",3,1,"1",11,"2",3,7.98,0.895,8.92,0.585205584
"346","SL19-UCONN-S101",203,"2020","2020_101","GOM","101","6_9_2020",185,NA,"SL18-JS-16-FG3","JS","SL18-NC-10-MG3","NC","SL18-JS-16-FG3xSL18-NC-10-MG3","JS X NC",3,1,"2",48,"8",2,1.59,1.04,1.53,0.085699549
"312","SL19-UCONN-S104",206,"2020","2020_104","GOM","104","6_9_2020",185,NA,"SL18-OI-5-FG5","OI","SA18-CB-7-MG3","CB","SL18-OI-5-FG5xSA18-CB-7-MG3","OI X CB",3,1,"2",51,"9",2,0.52,0.95,0.55,0.06573172
"587","SL19-UCONN-S111",214,"2020","2020_111","GOM","111","6_9_2020",185,NA,"SL18-CC-1-FG2","CC","SL18-OI-16-MG1","OI","SL18-CC-1-FG2xSL18-OI-16-MG1","CC X OI",3,1,"2",58,"10",3,3.33,1.03,3.23,NA
"336","SL19-UCONN-S112",215,"2020","2020_112","GOM","112","6_9_2020",185,NA,"SL18-NC-11-FG1","NC","SL18-NL-2-MG1","NL","SL18-NC-11-FG1xSL18-NL-2-MG1","NC X NL",1,1,"2",59,"10",2,2.17,1.015,2.14,0.168352829
"434","SL19-UCONN-S113",216,"2020","2020_113","GOM","113","6_9_2020",185,NA,"SL18-CC-5-FG2","CC","SA18-CB-10-MG1","CB","SL18-CC-5-FG2xSA18-CB-10-MG1","CC X CB",3,1,"2",60,"10",3,15.94,1.058,15.06,1.214283942
"318","SL19-UCONN-S115",218,"2020","2020_115","GOM","115","6_9_2020",185,NA,"SL18-LD-13-FG2","LD","SL18-LD-13-MG2","LD","SL18-LD-13-FG2xSL18-LD-13-MG2","LD X LD",1,1,"2",62,"11",2,0.33,0.988,0.33,0.025722983
"463","SL19-UCONN-S119",222,"2020","2020_119","GOM","119","6_9_2020",185,NA,"SL18-CC-5-FG3","CC","SL18-OI-14-MG1","OI","SL18-CC-5-FG3xSL18-OI-14-MG1","CC X OI",3,1,"3",3,"1",3,13.58,0.98,13.86,0.851184602
"344","SL19-UCONN-S12",223,"2020","2020_12","GOM","12","6_9_2020",185,NA,"SL18-CC-11-FG3","CC","SL18-CC-3-MG1","CC","SL18-CC-11-FG3xSL18-CC-3-MG1","CC X CC",3,1,"1",13,"3",2,1.05,0.85,1.24,0.096125487
"461","SL19-UCONN-S121",225,"2020","2020_121","GOM","121","6_9_2020",185,NA,"SL18-CC-11-FG3","CC","SA18-CB-3-MG3","CB","SL18-CC-11-FG3xSA18-CB-3-MG3","CC X CB",3,1,"3",5,"1",3,17.06,0.98,17.41,1.093910258
"339","SL19-UCONN-S128",232,"2020","2020_128","GOM","128","6_9_2020",185,NA,"SL18-JS-16-FG1","JS","SL18-CC-4-MG11","CC","SL18-JS-16-FG1xSL18-CC-4-MG11","JS X CC",1,1,"3",13,"3",2,0.35,0.99,0.35,0.023412411
"588","SL19-UCONN-S130",235,"2020","2020_130","GOM","130","6_9_2020",185,NA,"SL18-CC-11-FG3","CC","SL18-JS-16-MG1","JS","SL18-CC-11-FG3xSL18-JS-16-MG1","CC X JS",3,1,"3",15,"3",3,5.41,1.046,5.17,NA
"589","SL19-UCONN-S131",236,"2020","2020_131","GOM","131","6_9_2020",185,NA,"SL18-NC-12-FG2","NC","SA18-CB-4-MG3","CB","SL18-NC-12-FG2xSA18-CB-4-MG3","NC X CB",3,1,"3",16,"3",3,1.62,0.81,2,NA
"320","SL19-UCONN-S132",237,"2020","2020_132","GOM","132","6_9_2020",185,NA,"SL18-OD-5-FG1","OD","SL18-CC-8-MG2","CC","SL18-OD-5-FG1xSL18-CC-8-MG2","OD X CC",3,1,"3",17,"3",2,0.58,1.045,0.55,0.038421441
"379","SL19-UCONN-S133",238,"2020","2020_133","GOM","133","6_9_2020",185,NA,"SL18-CC-1-FG3","CC","SL18-OI-9-MG2","OI","SL18-CC-1-FG3xSL18-OI-9-MG2","CC X OI",1,1,"3",18,"3",2,0.39,1.05,0.37,NA
"333","SL19-UCONN-S135",240,"2020","2020_135","GOM","135","6_9_2020",185,NA,"SA18-CB-9-FG1","CB","SL18-JS-5-MG3","JS","SA18-CB-9-FG1xSL18-JS-5-MG3","CB X JS",1,1,"3",20,"4",2,0.92,0.89,1.03,0.072427763
"380","SL19-UCONN-S137",242,"2020","2020_137","GOM","137","6_9_2020",185,NA,"SL18-CC-5-FG1","CC","SL18-JS-9-MG1","JS","SL18-CC-5-FG1xSL18-JS-9-MG1","CC X JS",1,1,"3",22,"4",2,0.39,0.915,0.42,NA
"334","SL19-UCONN-S138",243,"2020","2020_138","GOM","138","6_9_2020",185,NA,"SL18-OI-15-FG1","OI","SA18-CB-2-MG3","CB","SL18-OI-15-FG1xSA18-CB-2-MG3","OI X CB",2,1,"3",24,"4",2,0.77,0.94,0.82,0.04415935
"590","SL19-UCONN-S139",244,"2020","2020_139","GOM","139","6_9_2020",185,NA,"SL18-CC-12-FG3","CC","SL18-OI-15-MG2","OI","SL18-CC-12-FG3xSL18-OI-15-MG2","CC X OI",3,1,"3",25,"5",3,4.37,0.953,4.59,NA
"381","SL19-UCONN-S14",245,"2020","2020_14","GOM","14","6_9_2020",185,NA,"SL18-SF-17-FG2","SF","SL18-NC-1-MG1","NC","SL18-SF-17-FG2xSL18-NC-1-MG1","SF X NC",2,1,"1",15,"3",2,1.51,1,1.51,NA
"338","SL19-UCONN-S140",246,"2020","2020_140","GOM","140","6_9_2020",185,NA,"SL18-JS-5-FG1","JS","SL18-LD-2-MG4","LD","SL18-JS-5-FG1xSL18-LD-2-MG4","JS X LD",1,1,"3",26,"5",2,1.68,0.955,1.76,0.097664546
"422","SL19-UCONN-S141",247,"2020","2020_141","GOM","141","6_9_2020",185,NA,"SL18-OD-5-FG3","OD","SA18-CB-1-MG12","CB","SL18-OD-5-FG3xSA18-CB-1-MG12","OD X CB",3,1,"3",27,"5",3,1.05,1.03,1.02,0.071427486
"444","SL19-UCONN-S143",249,"2020","2020_143","GOM","143","6_9_2020",185,NA,"SL18-CC-5-FG3","CC","SL18-JS-5-MG2","JS","SL18-CC-5-FG3xSL18-JS-5-MG2","CC X JS",3,1,"3",29,"5",3,3.8,1.05,3.62,0.094180777
"319","SL19-UCONN-S144",250,"2020","2020_144","GOM","144","6_9_2020",185,NA,"SL18-SF-13-FG1","SF","SA18-CB-7-MG1","CB","SL18-SF-13-FG1xSA18-CB-7-MG1","SF X CB",2,1,"3",30,"5",2,1.49,1.049,1.42,0.097960426
"382","SL19-UCONN-S145",251,"2020","2020_145","GOM","145","6_9_2020",185,NA,"SL18-LL-9-FG6","LL","SA18-CB-10-MG3","CB","SL18-LL-9-FG6xSA18-CB-10-MG3","LL X CB",2,1,"3",31,"6",2,0.22,0.93,0.24,NA
"591","SL19-UCONN-S146",252,"2020","2020_146","GOM","146","6_9_2020",185,NA,"SL18-OI-15-FG2","OI","SA18-CB-2-MG3","CB","SL18-OI-15-FG2xSA18-CB-2-MG3","OI X CB",3,1,"3",32,"6",3,4.16,0.91,4.57,NA
"474","SL19-UCONN-S147",253,"2020","2020_147","GOM","147","6_9_2020",185,NA,"SA18-CB-2-FG3","CB","SL18-NC-9-MG1","NC","SA18-CB-2-FG3xSL18-NC-9-MG1","CB X NC",1,1,"3",33,"6",3,2.81,0.983,2.86,0.234476731
"340","SL19-UCONN-S149",255,"2020","2020_149","GOM","149","6_9_2020",185,NA,"SL18-NL-2-FG3","NL","SA18-CB-4-MG1","CB","SL18-NL-2-FG3xSA18-CB-4-MG1","NL X CB",1,1,"3",35,"6",2,0.34,0.99,0.34,0.023421897
"592","SL19-UCONN-S151",258,"2020","2020_151","GOM","151","6_9_2020",185,NA,"SA18-CB-5-FG4","CB","SL18-CC-1-MG3","CC","SA18-CB-5-FG4xSL18-CC-1-MG3","CB X CC",1,1,"3",37,"7",3,3.77,0.97,3.89,NA
"460","SL19-UCONN-S152",259,"2020","2020_152","GOM","152","6_9_2020",185,NA,"SL18-CC-3-FG1","CC","SL18-JS-6-MG3","JS","SL18-CC-3-FG1xSL18-JS-6-MG3","CC X JS",3,1,"3",38,"7",3,6.41,1.035,6.19,0.444025477
"593","SL19-UCONN-S153",260,"2020","2020_153","GOM","153","6_9_2020",185,NA,"SL18-JS-16-FG1","JS","SL18-LD-2-MG2","LD","SL18-JS-16-FG1xSL18-LD-2-MG2","JS X LD",2,1,"3",39,"7",3,1.74,1.05,1.65,NA
"383","SL19-UCONN-S154",261,"2020","2020_154","GOM","154","6_9_2020",185,NA,"SL18-NC-10-FG1","NC","SL18-NC-5-MG1","NC","SL18-NC-10-FG1xSL18-NC-5-MG1","NC X NC",1,1,"3",40,"7",2,0.19,0.98,0.2,NA
"457","SL19-UCONN-S156",263,"2020","2020_156","GOM","156","6_9_2020",185,NA,"SL18-OI-17-FG4","OI","SL18-JS-6-MG2","JS","SL18-OI-17-FG4xSL18-JS-6-MG2","OI X JS",3,1,"3",42,"7",3,8.79,0.855,10.28,0.657258194
"347","SL19-UCONN-S157",264,"2020","2020_157","GOM","157","6_9_2020",185,NA,"SL18-CC-1-FG2","CC","SL18-OI-16-MG3","OI","SL18-CC-1-FG2xSL18-OI-16-MG3","CC X OI",3,1,"3",43,"8",2,0.58,0.89,0.65,0.045500438
"594","SL19-UCONN-S158",265,"2020","2020_158","GOM","158","6_9_2020",185,NA,"SA18-CB-2-FG3","CB","SL18-OI-2-MG2","OI","SA18-CB-2-FG3xSL18-OI-2-MG2","CB X OI",3,1,"3",45,"8",3,2.86,1.01,2.83,NA
"384","SL19-UCONN-S159",266,"2020","2020_159","GOM","159","6_9_2020",185,NA,"SL18-CC-5-FG3","CC","SL18-JS-19-MG2","JS","SL18-CC-5-FG3xSL18-JS-19-MG2","CC X JS",2,1,"3",46,"8",2,1.6,1.05,1.52,NA
"458","SL19-UCONN-S160",268,"2020","2020_160","GOM","160","6_9_2020",185,NA,"SL18-CC-3-FG2","CC","SA18-CB-10-MG3","CB","SL18-CC-3-FG2xSA18-CB-10-MG3","CC X CB",3,1,"3",47,"8",3,14.61,0.95,15.38,1.199526582
"451","SL19-UCONN-S162",270,"2020","2020_162","GOM","162","6_9_2020",185,NA,"SL18-CC-1-FG1","CC","SL18-OI-16-MG3","OI","SL18-CC-1-FG1xSL18-OI-16-MG3","CC X OI",3,1,"3",49,"9",3,0.98,0.94,1.05,0.086667509
"329","SL19-UCONN-S163",271,"2020","2020_163","GOM","163","6_9_2020",185,NA,"SL18-JS-16-FG3","JS","SL18-OD-6-MG2","OD","SL18-JS-16-FG3xSL18-OD-6-MG2","JS X OD",3,1,"3",50,"9",2,1.14,1.05,1.08,0.102148956
"468","SL19-UCONN-S169",277,"2020","2020_169","GOM","169","6_9_2020",185,NA,"SL18-OI-4-FG2","OI","SL18-NC-15-MG1","NC","SL18-OI-4-FG2xSL18-NC-15-MG1","OI X NC",3,1,"3",57,"10",3,8.5,0.98,8.67,0.573216078
"385","SL19-UCONN-S170",279,"2020","2020_170","GOM","170","6_9_2020",185,NA,"SL18-NC-12-FG2","NC","SL18-OI-16-MG1","OI","SL18-NC-12-FG2xSL18-OI-16-MG1","NC X OI",3,1,"3",58,"10",2,2.62,1.01,2.59,NA
"446","SL19-UCONN-S172",281,"2020","2020_172","GOM","172","6_9_2020",185,NA,"SL18-CC-8-FG2","CC","SL18-JS-5-MG3","JS","SL18-CC-8-FG2xSL18-JS-5-MG3","CC X JS",2,1,"3",60,"10",3,11.96,1.01,11.84,0.870637315
"386","SL19-UCONN-S174",283,"2020","2020_174","GOM","174","6_9_2020",185,NA,"SL18-OI-4-FG2","OI","SL18-JS-19-MG2","JS","SL18-OI-4-FG2xSL18-JS-19-MG2","OI X JS",2,1,"3",62,"11",2,1.9,0.89,2.13,NA
"425","SL19-UCONN-S176",285,"2020","2020_176","GOM","176","6_9_2020",185,NA,"SL18-OI-6-FG2","OI","SA18-CB-4-MG2","CB","SL18-OI-6-FG2xSA18-CB-4-MG2","OI X CB",3,1,"4",2,"1",3,15.08,0.96,15.71,1.367458262
"482","SL19-UCONN-S179",288,"2020","2020_179","GOM","179","6_9_2020",185,NA,"SL18-CC-3-FG1","CC","SL18-JS-5-MG2","JS","SL18-CC-3-FG1xSL18-JS-5-MG2","CC X JS",3,1,"4",6,"1",3,8.88,0.96,9.25,0.562264188
"455","SL19-UCONN-S180",290,"2020","2020_180","GOM","180","6_9_2020",185,NA,"SL18-CC-3-FG2","CC","SL18-OD-6-MG1","OD","SL18-CC-3-FG2xSL18-OD-6-MG1","CC X OD",3,1,"4",8,"2",3,6.63,0.97,6.84,0.498436542
"343","SL19-UCONN-S181",291,"2020","2020_181","GOM","181","6_9_2020",185,NA,"SL18-LD-2-FG2","LD","SL18-SF-19-MG1","SF","SL18-LD-2-FG2xSL18-SF-19-MG1","LD X SF",1,1,"4",9,"2",2,0.56,0.925,0.6,0.035134628
"387","SL19-UCONN-S182",292,"2020","2020_182","GOM","182","6_9_2020",185,NA,"SL18-LD-13-FG2","LD","SA18-CB-7-MG1","CB","SL18-LD-13-FG2xSA18-CB-7-MG1","LD X CB",1,1,"4",10,"2",2,1.79,0.871,2.05,NA
"449","SL19-UCONN-S185",295,"2020","2020_185","GOM","185","6_9_2020",185,NA,"SL18-OI-6-FG2","OI","SL18-LD-2-MG2","LD","SL18-OI-6-FG2xSL18-LD-2-MG2","OI X LD",1,1,"4",13,"3",3,7.92,0.97,8.17,0.695645509
"595","SL19-UCONN-S186",296,"2020","2020_186","GOM","186","6_9_2020",185,NA,"SL18-CC-12-FG3","CC","SL18-OI-15-MG3","OI","SL18-CC-12-FG3xSL18-OI-15-MG3","CC X OI",3,1,"4",14,"3",3,1.93,1.14,1.69,NA
"486","SL19-UCONN-S189",299,"2020","2020_189","GOM","189","6_9_2020",185,NA,"SL18-CC-11-FG3","CC","SL18-NC-2-MG3","NC","SL18-CC-11-FG3xSL18-NC-2-MG3","CC X NC",2,1,"4",17,"3",3,7.6,0.91,8.35,0.407123767
"445","SL19-UCONN-S190",301,"2020","2020_190","GOM","190","6_9_2020",185,NA,"SL18-CC-12-FG2","CC","SL18-OI-15-MG2","OI","SL18-CC-12-FG2xSL18-OI-15-MG2","CC X OI",3,1,"4",18,"3",3,8.67,0.985,8.8,0.611937322
"388","SL19-UCONN-S191",302,"2020","2020_191","GOM","191","6_9_2020",185,NA,"SL18-SF-17-FG2","SF","SA18-CB-1-MG13","CB","SL18-SF-17-FG2xSA18-CB-1-MG13","SF X CB",3,1,"4",19,"4",2,1.93,0.92,2.09,NA
"389","SL19-UCONN-S2",311,"2020","2020_2","GOM","2","6_9_2020",185,NA,"SL18-SF-17-FG2","SF","SL18-OI-4-MG3","OI","SL18-SF-17-FG2xSL18-OI-4-MG3","SF X OI",3,1,"1",3,"1",2,1.95,1.11,1.76,NA
"390","SL19-UCONN-S20",312,"2020","2020_20","GOM","20","6_9_2020",185,NA,"SL18-NC-10-FG3","NC","SL18-NL-5-MG2","NL","SL18-NC-10-FG3xSL18-NL-5-MG2","NC X NL",1,1,"1",22,"4",2,0.51,0.99,0.52,NA
"437","SL19-UCONN-S201",314,"2020","2020_201","GOM","201","6_9_2020",185,NA,"SL18-CC-8-FG2","CC","SL18-LD-9-MG1","LD","SL18-CC-8-FG2xSL18-LD-9-MG1","CC X LD",3,1,"4",29,"5",3,3.37,0.96,3.51,0.23514772
"462","SL19-UCONN-S205",318,"2020","2020_205","GOM","205","6_9_2020",185,NA,"SL18-NL-3-FG3","NL","SL18-NC-9-MG2","NC","SL18-NL-3-FG3xSL18-NC-9-MG2","NL X NC",3,1,"4",33,"6",3,5.27,0.98,5.38,0.365408899
"454","SL19-UCONN-S206",319,"2020","2020_206","GOM","206","6_9_2020",185,NA,"SL18-OI-6-FG3","OI","SL18-CC-11-MG5","CC","SL18-OI-6-FG3xSL18-CC-11-MG5","OI X CC",3,1,"4",34,"6",3,8.62,0.94,9.17,0.587255892
"341","SL19-UCONN-S207",320,"2020","2020_207","GOM","207","6_9_2020",185,NA,"SL18-CC-8-FG1","CC","SL18-OI-7-MG1","OI","SL18-CC-8-FG1xSL18-OI-7-MG1","CC X OI",3,1,"4",35,"6",2,0.82,1.01,0.81,0.045049547
"391","SL19-UCONN-S208",321,"2020","2020_208","GOM","208","6_9_2020",185,NA,"SL18-JS-5-FG1","JS","SL18-OI-14-MG1","OI","SL18-JS-5-FG1xSL18-OI-14-MG1","JS X OI",1,1,"4",36,"6",2,0.17,0.97,0.18,NA
"351","SL19-UCONN-S210",324,"2020","2020_210","GOM","210","6_9_2020",185,NA,"SL18-NC-10-FG1","NC","SL18-OI-11-MG4","OI","SL18-NC-10-FG1xSL18-OI-11-MG4","NC X OI",1,1,"4",38,"7",2,1.1,1.22,0.91,0.066430909
"596","SL19-UCONN-S213",327,"2020","2020_213","GOM","213","6_9_2020",185,NA,"SL18-SF-17-FG2","SF","SA18-CB-7-MG2","CB","SL18-SF-17-FG2xSA18-CB-7-MG2","SF X CB",3,1,"4",41,"7",3,5.24,0.98,5.35,NA
"348","SL19-UCONN-S215",329,"2020","2020_215","GOM","215","6_9_2020",185,NA,"SL18-CC-9-FG3","CC","SL18-JS-9-MG3","JS","SL18-CC-9-FG3xSL18-JS-9-MG3","CC X JS",1,1,"4",43,"8",2,0.61,0.955,0.64,0.048739629
"597","SL19-UCONN-S219",333,"2020","2020_219","GOM","219","6_9_2020",185,NA,"SL18-CC-5-FG2","CC","SL18-NC-10-MG2","NC","SL18-CC-5-FG2xSL18-NC-10-MG2","CC X NC",3,1,"4",48,"8",3,1.76,1.025,1.72,NA
"472","SL19-UCONN-S220",335,"2020","2020_220","GOM","220","6_9_2020",185,NA,"SL18-OI-11-FG3","OI","SL18-NC-2-MG1","NC","SL18-OI-11-FG3xSL18-NC-2-MG1","OI X NC",3,1,"4",49,"9",3,7.92,1.01,7.84,0.547954254
"392","SL19-UCONN-S221",336,"2020","2020_221","GOM","221","6_9_2020",185,NA,"SL18-NC-9-FG2","NC","SL18-JS-11-MG3","JS","SL18-NC-9-FG2xSL18-JS-11-MG3","NC X JS",1,1,"4",50,"9",2,1.05,0.99,1.06,NA
"416","SL19-UCONN-S224",339,"2020","2020_224","GOM","224","6_9_2020",185,NA,"SL18-LD-9-FG4","LD","SL18-OI-6-MG2","OI","SL18-LD-9-FG4xSL18-OI-6-MG2","LD X OI",3,1,"4",53,"9",3,3.81,1,3.81,0.32015692
"598","SL19-UCONN-S226",341,"2020","2020_226","GOM","226","6_9_2020",185,NA,"SL18-CC-3-FG2","CC","SL18-OI-11-MG3","OI","SL18-CC-3-FG2xSL18-OI-11-MG3","CC X OI",3,1,"4",55,"10",3,2.53,0.99,2.56,NA
"412","SL19-UCONN-S228",343,"2020","2020_228","GOM","228","6_9_2020",185,NA,"SL18-OI-9-FG4","OI","SA18-CB-1-MG12","CB","SL18-OI-9-FG4xSA18-CB-1-MG12","OI X CB",3,1,"4",57,"10",3,5.26,0.98,5.37,0.623705133
"393","SL19-UCONN-S23",345,"2020","2020_23","GOM","23","6_9_2020",185,NA,"SL18-CC-3-FG2","CC","SA18-CB-4-MG2","CB","SL18-CC-3-FG2xSA18-CB-4-MG2","CC X CB",3,1,"1",26,"5",2,1.5,0.99,1.52,NA
"394","SL19-UCONN-S232",348,"2020","2020_232","GOM","232","6_9_2020",185,NA,"SL18-NC-5-FG2","NC","SL18-JS-11-MG3","JS","SL18-NC-5-FG2xSL18-JS-11-MG3","NC X JS",2,1,"4",62,"11",2,0.13,0.93,0.15,NA
"599","SL19-UCONN-S233",349,"2020","2020_233","GOM","233","6_9_2020",185,NA,"SL18-CC-8-FG1","CC","SL18-OI-18-MG3","OI","SL18-CC-8-FG1xSL18-OI-18-MG3","CC X OI",3,1,"5",1,"1",3,2.43,0.894,2.72,NA
"395","SL19-UCONN-S235",351,"2020","2020_235","GOM","235","6_9_2020",185,NA,"SL18-CC-6-FG3","CC","SL18-JS-9-MG2","JS","SL18-CC-6-FG3xSL18-JS-9-MG2","CC X JS",3,1,"5",3,"1",2,1.58,0.92,1.71,NA
"325","SL19-UCONN-S24",356,"2020","2020_24","GOM","24","6_9_2020",185,NA,"SL18-NL-7-FG4","NL","SA18-CB-1-MG12","CB","SL18-NL-7-FG4xSA18-CB-1-MG12","NL X CB",2,1,"1",27,"5",2,0.52,0.925,0.56,0.046877519
"469","SL19-UCONN-S240",357,"2020","2020_240","GOM","240","6_9_2020",185,NA,"SL18-CC-1-FG1","CC","SL18-NC-15-MG3","NC","SL18-CC-1-FG1xSL18-NC-15-MG3","CC X NC",3,1,"5",8,"2",3,5.91,1,5.91,0.41854397
"600","SL19-UCONN-S244",361,"2020","2020_244","GOM","244","6_9_2020",185,NA,"SL18-CC-1-FG1","CC","SL18-CC-4-MG11","CC","SL18-CC-1-FG1xSL18-CC-4-MG11","CC X CC",2,1,"5",12,"2",3,2.97,1,2.97,NA
"601","SL19-UCONN-S246",363,"2020","2020_246","GOM","246","6_9_2020",185,NA,"SL18-CC-5-FG2","CC","SL18-NC-9-MG2","NC","SL18-CC-5-FG2xSL18-NC-9-MG2","CC X NC",1,1,"5",14,"3",3,1.48,0.925,1.59,NA
"470","SL19-UCONN-S248",365,"2020","2020_248","GOM","248","6_9_2020",185,NA,"SA18-CB-9-FG1","CB","SL18-JS-19-MG1","JS","SA18-CB-9-FG1xSL18-JS-19-MG1","CB X JS",3,1,"5",16,"3",3,6.32,0.997,6.34,0.483085429
"602","SL19-UCONN-S249",366,"2020","2020_249","GOM","249","6_9_2020",185,NA,"SL18-NL-3-FG1","NL","SL18-OD-3-MG1","OD","SL18-NL-3-FG1xSL18-OD-3-MG1","NL X OD",2,1,"5",17,"3",3,0.8,1.03,0.77,NA
"603","SL19-UCONN-S25",367,"2020","2020_25","GOM","25","6_9_2020",185,NA,"SL18-CC-5-FG3","CC","SA18-CB-1-MG12","CB","SL18-CC-5-FG3xSA18-CB-1-MG12","CC X CB",3,1,"1",28,"5",3,2.25,1.07,2.1,NA
"396","SL19-UCONN-S250",368,"2020","2020_250","GOM","250","6_9_2020",185,NA,"SL18-CC-8-FG2","CC","SL18-NC-5-MG3","NC","SL18-CC-8-FG2xSL18-NC-5-MG3","CC X NC",1,1,"5",18,"3",2,0.34,1.04,0.32,NA
"350","SL19-UCONN-S255",373,"2020","2020_255","GOM","255","6_9_2020",185,NA,"SL18-CC-6-FG3","CC","SL18-OI-14-MG2","OI","SL18-CC-6-FG3xSL18-OI-14-MG2","CC X OI",3,1,"5",23,"4",2,0.78,0.86,0.91,0.06758443
"604","SL19-UCONN-S258",376,"2020","2020_258","GOM","258","6_9_2020",185,NA,"SL18-NC-12-FG2","NC","SA18-CB-3-MG1","CB","SL18-NC-12-FG2xSA18-CB-3-MG1","NC X CB",3,1,"5",26,"5",3,2.72,0.99,2.75,NA
"605","SL19-UCONN-S259",377,"2020","2020_259","GOM","259","6_9_2020",185,NA,"SL18-CC-3-FG3","CC","SL18-OD-6-MG3","OD","SL18-CC-3-FG3xSL18-OD-6-MG3","CC X OD",3,1,"5",27,"5",3,4.61,0.96,4.81,NA
"606","SL19-UCONN-S26",378,"2020","2020_26","GOM","26","6_9_2020",185,NA,"SL18-CC-6-FG2","CC","SL18-OI-14-MG1","OI","SL18-CC-6-FG2xSL18-OI-14-MG1","CC X OI",3,1,"1",29,"5",3,2.12,1,2.12,NA
"397","SL19-UCONN-S260",379,"2020","2020_260","GOM","260","6_9_2020",185,NA,"SL18-JS-19-FG3","JS","SA18-CB-3-MG2","CB","SL18-JS-19-FG3xSA18-CB-3-MG2","JS X CB",3,1,"5",28,"5",2,0.31,1.011,0.31,NA
"398","SL19-UCONN-S261",380,"2020","2020_261","GOM","261","6_9_2020",185,NA,"SL18-NC-12-FG2","NC","SL18-NL-5-MG2","NL","SL18-NC-12-FG2xSL18-NL-5-MG2","NC X NL",3,1,"5",30,"5",2,1.05,0.975,NA,NA
"345","SL19-UCONN-S263",382,"2020","2020_263","GOM","263","6_9_2020",185,NA,"SL18-JS-5-FG1","JS","SA18-CB-1-MG12","CB","SL18-JS-5-FG1xSA18-CB-1-MG12","JS X CB",3,1,"5",32,"6",2,0.79,1,0.79,0.043243346
"349","SL19-UCONN-S264",383,"2020","2020_264","GOM","264","6_9_2020",185,NA,"SL18-JS-16-FG3","JS","SA18-CB-4-MG3","CB","SL18-JS-16-FG3xSA18-CB-4-MG3","JS X CB",3,1,"5",33,"6",2,0.93,0.92,1.01,0.056903671
"480","SL19-UCONN-S265",384,"2020","2020_265","GOM","265","6_9_2020",185,NA,"SL18-OI-4-FG2","OI","SA18-CB-7-MG2","CB","SL18-OI-4-FG2xSA18-CB-7-MG2","OI X CB",2,1,"5",34,"6",3,10.54,0.87,12.11,1.110410519
"452","SL19-UCONN-S268",387,"2020","2020_268","GOM","268","6_9_2020",185,NA,"SL18-NC-1-FG1","NC","SL18-NC-12-MG3","NC","SL18-NC-1-FG1xSL18-NC-12-MG3","NC X NC",3,1,"5",37,"7",3,1,1,1,0.058244756
"483","SL19-UCONN-S271",391,"2020","2020_271","GOM","271","6_9_2020",185,NA,"SL18-NC-15-FG3","NC","SL18-CC-1-MG2","CC","SL18-NC-15-FG3xSL18-CC-1-MG2","NC X CC",1,1,"5",40,"7",3,0.91,0.92,0.98,0.054735332
"607","SL19-UCONN-S272",392,"2020","2020_272","GOM","272","6_9_2020",185,NA,"SL18-SF-17-FG2","SF","SL18-NC-12-MG1","NC","SL18-SF-17-FG2xSL18-NC-12-MG1","SF X NC",3,1,"5",41,"7",3,4.21,0.97,4.34,NA
"608","SL19-UCONN-S273",393,"2020","2020_273","GOM","273","6_9_2020",185,NA,"SL18-CC-5-FG2","CC","SL18-NC-10-MG2","NC","SL18-CC-5-FG2xSL18-NC-10-MG2","CC X NC",3,1,"5",43,"8",3,3.19,0.95,3.36,NA
"399","SL19-UCONN-S275",395,"2020","2020_275","GOM","275","6_9_2020",185,NA,"SL18-NL-3-FG1","NL","SA18-CB-7-MG2","CB","SL18-NL-3-FG1xSA18-CB-7-MG2","NL X CB",3,1,"5",45,"8",2,0.58,1,0.58,NA
"314","SL19-UCONN-S277",397,"2020","2020_277","GOM","277","6_9_2020",185,NA,"SL18-LL-9-FG2","LL","SA18-CB-5-MG3","CB","SL18-LL-9-FG2xSA18-CB-5-MG3","LL X CB",1,1,"5",47,"8",2,0.28,0.983,0.29,0.021843483
"431","SL19-UCONN-S278",398,"2020","2020_278","GOM","278","6_9_2020",185,NA,"SL18-SF-17-FG2","SF","SA18-CB-7-MG3","CB","SL18-SF-17-FG2xSA18-CB-7-MG3","SF X CB",3,1,"5",48,"8",3,15.75,1.06,14.85,1.066984975
"438","SL19-UCONN-S279",399,"2020","2020_279","GOM","279","6_9_2020",185,NA,"SA18-CB-4-FG6","CB","SL18-JS-6-MG3","JS","SA18-CB-4-FG6xSL18-JS-6-MG3","CB X JS",3,1,"5",49,"9",3,8.38,0.99,8.47,0.697529942
"310","SL19-UCONN-S283",404,"2020","2020_283","GOM","283","6_9_2020",185,NA,"SL18-CC-3-FG1","CC","SL18-JS-11-MG2","JS","SL18-CC-3-FG1xSL18-JS-11-MG2","CC X JS",3,1,"5",54,"9",2,0.39,0.96,0.41,0.033206809
"609","SL19-UCONN-S290",412,"2020","2020_290","GOM","290","6_9_2020",185,NA,"SA18-CB-5-FG6","CB","SL18-CC-6-MG2","CC","SA18-CB-5-FG6xSL18-CC-6-MG2","CB X CC",3,1,"5",61,"11",3,3.98,0.96,4.15,NA
"400","SL19-UCONN-S30",423,"2020","2020_30","GOM","30","6_9_2020",185,NA,"SL18-JS-19-FG3","JS","SL18-OI-17-MG1","OI","SL18-JS-19-FG3xSL18-OI-17-MG1","JS X OI",1,1,"1",34,"6",2,1.14,0.928,1.23,NA
"502","SL19-UCONN-S34",467,"2020","2020_34","GOM","34","6_9_2020",185,NA,"SL18-OI-17-FG4","OI","SL18-CC-7-MG1","CC","SL18-OI-17-FG4xSL18-CC-7-MG1","OI X CC",3,1,"1",38,"7",3,7.11,1.037,6.85,0.383131118
"401","SL19-UCONN-S35",478,"2020","2020_35","GOM","35","6_9_2020",185,NA,"SL18-OI-17-FG1","OI","SL18-OI-4-MG1","OI","SL18-OI-17-FG1xSL18-OI-4-MG1","OI X OI",3,1,"1",39,"7",2,1.38,0.97,1.42,NA
"610","SL19-UCONN-S42",507,"2020","2020_42","GOM","42","6_9_2020",185,NA,"SL18-CC-6-FG2","CC","SL18-OI-11-MG4","OI","SL18-CC-6-FG2xSL18-OI-11-MG4","CC X OI",3,1,"1",46,"8",3,3.62,1.035,3.5,NA
"330","SL19-UCONN-S43",508,"2020","2020_43","GOM","43","6_9_2020",185,NA,"SL18-JS-9-FG3","JS","SA18-CB-10-MG1","CB","SL18-JS-9-FG3xSA18-CB-10-MG1","JS X CB",1,1,"1",47,"8",2,0.74,0.99,0.75,0.058420548
"403","SL19-UCONN-S44",509,"2020","2020_44","GOM","44","6_9_2020",185,NA,"SL18-OI-6-FG3","OI","SL18-JS-6-MG1","JS","SL18-OI-6-FG3xSL18-JS-6-MG1","OI X JS",1,1,"1",48,"8",2,1.57,0.997,1.57,NA
"433","SL19-UCONN-S45",510,"2020","2020_45","GOM","45","6_9_2020",185,NA,"SL18-SF-13-FG2","SF","SL18-JS-11-MG3","JS","SL18-SF-13-FG2xSL18-JS-11-MG3","SF X JS",3,1,"1",49,"9",3,7,1.03,6.79,0.505637167
"404","SL19-UCONN-S46",511,"2020","2020_46","GOM","46","6_9_2020",185,NA,"SL18-JS-19-FG3","JS","SL18-LD-13-MG3","LD","SL18-JS-19-FG3xSL18-LD-13-MG3","JS X LD",1,1,"1",50,"9",2,1.65,0.937,1.77,NA
"447","SL19-UCONN-S53",519,"2020","2020_53","GOM","53","6_9_2020",185,NA,"SA18-CB-2-FG3","CB","SL18-CC-2-MG5","CC","SA18-CB-2-FG3xSL18-CC-2-MG5","CB X CC",2,1,"1",58,"10",3,13.37,0.972,13.76,0.834541021
"414","SL19-UCONN-S56",522,"2020","2020_56","GOM","56","6_9_2020",185,NA,"SA18-CB-9-FG1","CB","SL18-OI-7-MG3","OI","SA18-CB-9-FG1xSL18-OI-7-MG3","CB X OI",3,1,"1",62,"11",3,7.05,1.02,6.91,0.730764383
"405","SL19-UCONN-S57",523,"2020","2020_57","GOM","57","6_9_2020",185,NA,"SL18-CC-3-FG1","CC","SL18-OI-16-MG2","OI","SL18-CC-3-FG1xSL18-OI-16-MG2","CC X OI",3,1,"1",63,"11",2,1.62,0.86,1.88,NA
"322","SL19-UCONN-S58",524,"2020","2020_58","GOM","58","6_9_2020",185,NA,"SL18-CC-8-FG1","CC","SL18-NC-8-MG2","NC","SL18-CC-8-FG1xSL18-NC-8-MG2","CC X NC",3,1,"2",1,"1",2,0.46,0.845,0.55,0.044159187
"466","SL19-UCONN-S63",530,"2020","2020_63","GOM","63","6_9_2020",185,NA,"SL18-SF-13-FG2","SF","SA18-CB-2-MG3","CB","SL18-SF-13-FG2xSA18-CB-2-MG3","SF X CB",3,1,"2",6,"1",3,9.46,1.02,9.27,0.643168313
"611","SL19-UCONN-S66",533,"2020","2020_66","GOM","66","6_9_2020",185,NA,"SL18-SF-13-FG2","SF","SL18-JS-9-MG2","JS","SL18-SF-13-FG2xSL18-JS-9-MG2","SF X JS",2,1,"2",9,"2",3,3.96,0.98,4.04,NA
"612","SL19-UCONN-S67",534,"2020","2020_67","GOM","67","6_9_2020",185,NA,"SL18-JS-19-FG2","JS","SA18-CB-10-MG3","CB","SL18-JS-19-FG2xSA18-CB-10-MG3","JS X CB",2,1,"2",10,"2",3,1.37,0.95,1.45,NA
"406","SL19-UCONN-S68",535,"2020","2020_68","GOM","68","6_9_2020",185,NA,"SL18-CC-6-FG1","CC","SL18-JS-5-MG2","JS","SL18-CC-6-FG1xSL18-JS-5-MG2","CC X JS",2,1,"2",11,"2",2,0.44,1.08,0.41,NA
"510","SL19-UCONN-S77",545,"2020","2020_77","GOM","77","6_9_2020",185,NA,"SL18-CC-12-FG2","CC","SL18-LL-9-MG4","LL","SL18-CC-12-FG2xSL18-LL-9-MG4","CC X LL",3,1,"2",22,"4",3,7.6,0.89,8.54,0.446912178
"613","SL19-UCONN-S78",546,"2020","2020_78","GOM","78","6_9_2020",185,NA,"SL18-NL-3-FG1","NL","SL18-OI-7-MG3","OI","SL18-NL-3-FG1xSL18-OI-7-MG3","NL X OI",3,1,"2",23,"4",3,2.31,1.02,2.26,NA
"407","SL19-UCONN-S85",554,"2020","2020_85","GOM","85","6_9_2020",185,NA,"SL18-NL-5-FG1","NL","SL18-OI-14-MG1","OI","SL18-NL-5-FG1xSL18-OI-14-MG1","NL X OI",2,1,"2",30,"5",2,1.39,1.03,1.35,NA
"408","SL19-UCONN-S87",556,"2020","2020_87","GOM","87","6_9_2020",185,NA,"SL18-NC-8-FG1","NC","SL18-NL-7-MG2","NL","SL18-NC-8-FG1xSL18-NL-7-MG2","NC X NL",1,1,"2",33,"6",2,1.25,1.03,1.21,NA
"335","SL19-UCONN-S88",557,"2020","2020_88","GOM","88","6_9_2020",185,NA,"SL18-JS-5-FG2","JS","SL18-OI-5-MG3","OI","SL18-JS-5-FG2xSL18-OI-5-MG3","JS X OI",1,1,"2",34,"6",2,0.52,1.001,0.52,0.041031027
"442","SL19-UCONN-S90",560,"2020","2020_90","GOM","90","6_9_2020",185,NA,"SL18-CC-10-FG4","CC","SL18-NC-2-MG2","NC","SL18-CC-10-FG4xSL18-NC-2-MG2","CC X NC",3,1,"2",36,"6",3,4.75,0.97,4.9,0.432208743
"614","SL19-UCONN-S91",561,"2020","2020_91","GOM","91","6_9_2020",185,NA,"SL18-NC-5-FG3","NC","SL18-OI-2-MG2","OI","SL18-NC-5-FG3xSL18-OI-2-MG2","NC X OI",3,1,"2",37,"7",3,1.82,1.005,1.81,NA
"481","SL19-UCONN-S92",562,"2020","2020_92","GOM","92","6_9_2020",185,NA,"SL18-OI-16-FG2","OI","SL18-OI-18-MG1","OI","SL18-OI-16-FG2xSL18-OI-18-MG1","OI X OI",3,1,"2",38,"7",3,1.14,1,1.14,0.071899726
"615","SL19-UCONN-S93",563,"2020","2020_93","GOM","93","6_9_2020",185,NA,"SL18-CC-1-FG2","CC","SL18-NC-11-MG2","NC","SL18-CC-1-FG2xSL18-NC-11-MG2","CC X NC",3,1,"2",40,"7",3,2.42,0.94,2.58,NA
"616","SL19-UCONN-S95",565,"2020","2020_95","GOM","95","6_9_2020",185,NA,"SL18-CC-12-FG3","CC","SL18-NC-11-MG2","NC","SL18-CC-12-FG3xSL18-NC-11-MG2","CC X NC",3,1,"2",42,"7",3,2.08,0.93,2.24,NA
"409","SL19-UCONN-S96",566,"2020","2020_96","GOM","96","6_9_2020",185,NA,"SA18-CB-7-FG1","CB","SL18-LD-1-MG1","LD","SA18-CB-7-FG1xSL18-LD-1-MG1","CB X LD",3,1,"2",43,"8",2,1.66,0.915,1.81,NA
"410","SL19-UCONN-S99",569,"2020","2020_99","GOM","99","6_9_2020",185,NA,"SL18-NC-10-FG3","NC","SA18-CB-3-MG2","CB","SL18-NC-10-FG3xSA18-CB-3-MG2","NC X CB",1,1,"2",46,"8",2,0.61,1.01,0.6,NA
"519","Check",570,"2019","Z1-A","GOM","C1-A","5_29_2019",122,NA,"SL18-ME-1-FG1","ME","SL18-ME-1-MG1","ME","SL18-ME-1-FG1xSL18-ME-1-MG1","ME X ME",1,1,"2",47,"8",3,2.71,0.86,3.151162791,NA
"520","Check",571,"2019","Z1-B","GOM","C1-B","5_29_2019",122,NA,"SL18-ME-1-FG1","ME","SL18-ME-1-MG1","ME","SL18-ME-1-FG1xSL18-ME-1-MG1","ME X ME",1,1,"2",8,"2",3,2.09,0.56,3.732142857,NA
"521","Check",572,"2019","Z1-C","GOM","C1-C","5_29_2019",122,NA,"SL18-ME-1-FG1","ME","SL18-ME-1-MG1","ME","SL18-ME-1-FG1xSL18-ME-1-MG1","ME X ME",1,1,"2",22,"4",3,3.87,0.9,4.3,NA
"522","Check",573,"2019","Z1-D","GOM","C1-D","5_30_2019",122,NA,"SL18-ME-1-FG1","ME","SL18-ME-1-MG1","ME","SL18-ME-1-FG1xSL18-ME-1-MG1","ME X ME",2,1,"1",25,"5",3,1.15,0.85,1.352941176,NA
"523","Check",574,"2019","Z1-E","GOM","C1-E","5_30_2019",122,NA,"SL18-ME-1-FG1","ME","SL18-ME-1-MG1","ME","SL18-ME-1-FG1xSL18-ME-1-MG1","ME X ME",1,1,"1",45,"8",3,2.02,0.94,2.14893617,NA
"524","Check",575,"2019","Z1-F","GOM","C1-F","5_30_2019",122,NA,"SL18-ME-1-FG1","ME","SL18-ME-1-MG1","ME","SL18-ME-1-FG1xSL18-ME-1-MG1","ME X ME",2,1,"3",6,"1",3,4.41,0.87,5.068965517,NA
"525","Check",576,"2019","Z1-G","GOM","C1-G","5_31_2019",122,NA,"SL18-ME-1-FG1","ME","SL18-ME-1-MG1","ME","SL18-ME-1-FG1xSL18-ME-1-MG1","ME X ME",2,1,"4",32,"6",3,2.64,0.8,3.3,NA
"432","Check",577,"2019","Z1-H","GOM","C1-H","5_31_2019",122,NA,"SL18-ME-1-FG1","ME","SL18-ME-1-MG1","ME","SL18-ME-1-FG1xSL18-ME-1-MG1","ME X ME",2,1,"4",38,"7",3,3.67,0.84,4.369047619,0.228105
"526","Check",578,"2019","Z1-I","GOM","C1-I","5_31_2019",122,NA,"SL18-ME-1-FG1","ME","SL18-ME-1-MG1","ME","SL18-ME-1-FG1xSL18-ME-1-MG1","ME X ME",1,1,"4",49,"9",3,3.65,0.84,4.345238095,NA
"527","Check",579,"2019","Z1-J","GOM","C1-J","5_31_2019",122,NA,"SL18-ME-1-FG1","ME","SL18-ME-1-MG1","ME","SL18-ME-1-FG1xSL18-ME-1-MG1","ME X ME",1,1,"4",15,"3",3,2.34,0.71,3.295774648,NA
"528","Check",580,"2019","Z2-A","GOM","C2-A","5_29_2019",122,NA,"SL18-ME-1-FG1","ME","SL18-ME-2-MG2","ME","SL18-ME-1-FG1xSL18-ME-2-MG2","ME X ME",1,1,"2",18,"3",3,1.75,0.87,2.011494253,NA
"529","Check",581,"2019","Z2-B","GOM","C2-B","5_30_2019",122,NA,"SL18-ME-1-FG1","ME","SL18-ME-2-MG2","ME","SL18-ME-1-FG1xSL18-ME-2-MG2","ME X ME",1,1,"1",52,"9",3,1.56,0.89,1.752808989,NA
"518","Check",583,"2019","Z2-D","GOM","C2-D","5_30_2019",122,NA,"SL18-ME-1-FG1","ME","SL18-ME-2-MG2","ME","SL18-ME-1-FG1xSL18-ME-2-MG2","ME X ME",1,1,"3",28,"5",3,2.83,1.05,2.695238095,NA
"530","Check",584,"2019","Z2-E","GOM","C2-E","5_31_2019",122,NA,"SL18-ME-1-FG1","ME","SL18-ME-2-MG2","ME","SL18-ME-1-FG1xSL18-ME-2-MG2","ME X ME",1,1,"3",40,"7",3,2.5,0.87,2.873563218,NA
"428","Check",585,"2019","Z2-F","GOM","C2-F","5_31_2019",122,NA,"SL18-ME-1-FG1","ME","SL18-ME-2-MG2","ME","SL18-ME-1-FG1xSL18-ME-2-MG2","ME X ME",1,1,"3",45,"8",3,2.36,0.82,2.87804878,0.14928
"436","Check",586,"2019","Z2-G","GOM","C2-G","5_31_2019",122,NA,"SL18-ME-1-FG1","ME","SL18-ME-2-MG2","ME","SL18-ME-1-FG1xSL18-ME-2-MG2","ME X ME",1,1,"4",8,"2",3,3.06,0.87,3.517241379,0.18144
"355","Check",587,"2019","Z2-H","GOM","C2-H","5_31_2019",122,NA,"SL18-ME-1-FG1","ME","SL18-ME-2-MG2","ME","SL18-ME-1-FG1xSL18-ME-2-MG2","ME X ME",2,1,"4",20,"4",2,1.15,0.84,1.369047619,NA
"424","Check",589,"2020","Z3-A","GOM","C3-A","6_9_2020",185,NA,"SL18-OI-15-FG","OI","SL18-ME-MG1","ME","SL18-OI-15-FGxSL18-ME-MG1","OI X ME",NA,NA,"1",2,"1",3,2.54,0.82,3.1,0.270144923
"448","Check",590,"2020","Z3-B","GOM","C3-B","6_9_2020",185,NA,"SL18-OI-15-FG","OI","SL18-ME-MG1","ME","SL18-OI-15-FGxSL18-ME-MG1","OI X ME",NA,NA,"1",17,"3",3,2.09,1.06,1.97,0.127909498
"439","Check",591,"2020","Z3-C","GOM","C3-C","6_9_2020",185,NA,"SL18-OI-15-FG","OI","SL18-ME-MG1","ME","SL18-OI-15-FGxSL18-ME-MG1","OI X ME",NA,NA,"1",33,"6",3,3.51,1.08,3.25,0.266608901
"441","Check",592,"2020","Z3-D","GOM","C3-D","6_9_2020",185,NA,"SL18-OI-15-FG","OI","SL18-ME-MG1","ME","SL18-OI-15-FGxSL18-ME-MG1","OI X ME",NA,NA,"2",39,"7",3,3.9,0.992,3.93,0.279015781
"517","Check",593,"2020","Z3-E","GOM","C3-E","6_9_2020",185,NA,"SL18-OI-15-FG","OI","SL18-ME-MG1","ME","SL18-OI-15-FGxSL18-ME-MG1","OI X ME",NA,NA,"3",12,"2",3,2.25,1.02,2.2,NA
"453","Check",594,"2020","Z3-F","GOM","C3-F","6_9_2020",185,NA,"SL18-OI-15-FG","OI","SL18-ME-MG1","ME","SL18-OI-15-FGxSL18-ME-MG1","OI X ME",NA,NA,"3",23,"4",3,1.05,0.98,1.07,0.052306457
"332","Check",596,"2020","Z3-H","GOM","C3-H","6_9_2020",185,NA,"SL18-OI-15-FG","OI","SL18-ME-MG1","ME","SL18-OI-15-FGxSL18-ME-MG1","OI X ME",NA,NA,"4",46,"8",2,1.73,0.99,1.75,0.150710212
"315","Check",597,"2020","Z3-I","GOM","C3-I","6_9_2020",185,NA,"SL18-OI-15-FG","OI","SL18-ME-MG1","ME","SL18-OI-15-FGxSL18-ME-MG1","OI X ME",NA,NA,"4",60,"10",2,1.37,0.94,1.46,0.145052274
"423","Check",598,"2020","Z3-J","GOM","C3-J","6_9_2020",185,NA,"SL18-OI-15-FG","OI","SL18-ME-MG1","ME","SL18-OI-15-FGxSL18-ME-MG1","OI X ME",NA,NA,"5",29,"5",3,1.83,1,1.83,0.14468934
"418","Check",599,"2020","Z3-K","GOM","C3-K","6_9_2020",185,NA,"SL18-OI-15-FG","OI","SL18-ME-MG1","ME","SL18-OI-15-FGxSL18-ME-MG1","OI X ME",NA,NA,"5",62,"11",3,3.04,0.87,3.49,0.220074385
"308","Check",603,"2020","Z4-D","GOM","C4-D","6_9_2020",185,NA,"SL18-NL-7-FG3","NL","SL18-OI-15-MG3","OI","SL18-NL-7-FG3xSL18-OI-15-MG3","NL X OI",NA,NA,"2",14,"3",2,0.91,1.04,0.87,0.101200948
"354","Check",604,"2020","Z4-E","GOM","C4-E","6_9_2020",185,NA,"SL18-NL-7-FG3","NL","SL18-OI-15-MG3","OI","SL18-NL-7-FG3xSL18-OI-15-MG3","NL X OI",NA,NA,"2",19,"4",2,0.19,0.9625,NA,NA
"323","Check",605,"2020","Z4-F","GOM","C4-F","6_9_2020",185,NA,"SL18-NL-7-FG3","NL","SL18-OI-15-MG3","OI","SL18-NL-7-FG3xSL18-OI-15-MG3","NL X OI",NA,NA,"2",31,"6",2,0.6,1.015,0.59,0.04734027
"324","Check",606,"2020","Z4-G","GOM","C4-G","6_9_2020",185,NA,"SL18-NL-7-FG3","NL","SL18-OI-15-MG3","OI","SL18-NL-7-FG3xSL18-OI-15-MG3","NL X OI",NA,NA,"3",44,"8",2,0.6,1.07,0.56,0.040460584
"342","Check",607,"2020","Z4-H","GOM","C4-H","6_9_2020",185,NA,"SL18-NL-7-FG3","NL","SL18-OI-15-MG3","OI","SL18-NL-7-FG3xSL18-OI-15-MG3","NL X OI",NA,NA,"4",3,"1",2,0.57,1.058,0.53,0.041506313
"328","Check",608,"2020","Z4-I","GOM","C4-I","6_9_2020",185,NA,"SL18-NL-7-FG3","NL","SL18-OI-15-MG3","OI","SL18-NL-7-FG3xSL18-OI-15-MG3","NL X OI",NA,NA,"4",7,"2",2,0.67,1.01,0.66,0.050342921
